slice,n,f1
short_reviews,6527,0.9866325142079565
negation_reviews,7868,0.9456521739130435
mixed_reviews,5499,0.9478949562317632
